Epoch,sigma15_k3_actrelu_bs8_image,sigma15_k3_actrelu_bs16_image,sigma15_k3_actrelu_bs32_image,sigma15_k3_actrelu_bs64_image,sigma15_k3_actleakyrelu_bs8_image,sigma15_k3_actleakyrelu_bs16_image,sigma15_k3_actleakyrelu_bs32_image,sigma15_k3_actleakyrelu_bs64_image,sigma15_k5_actrelu_bs8_image,sigma15_k5_actrelu_bs16_image,sigma15_k5_actrelu_bs32_image,sigma15_k5_actrelu_bs64_image,sigma15_k5_actleakyrelu_bs8_image,sigma15_k5_actleakyrelu_bs16_image,sigma15_k5_actleakyrelu_bs32_image,sigma15_k5_actleakyrelu_bs64_image,sigma25_k3_actrelu_bs8_image,sigma25_k3_actrelu_bs16_image,sigma25_k3_actrelu_bs32_image,sigma25_k3_actrelu_bs64_image,sigma25_k3_actleakyrelu_bs8_image,sigma25_k3_actleakyrelu_bs16_image,sigma25_k3_actleakyrelu_bs32_image,sigma25_k3_actleakyrelu_bs64_image,sigma25_k5_actrelu_bs8_image,sigma25_k5_actrelu_bs16_image,sigma25_k5_actrelu_bs32_image,sigma25_k5_actrelu_bs64_image,sigma25_k5_actleakyrelu_bs8_image,sigma25_k5_actleakyrelu_bs16_image,sigma25_k5_actleakyrelu_bs32_image,sigma25_k5_actleakyrelu_bs64_image,sigma50_k3_actrelu_bs8_image,sigma50_k3_actrelu_bs16_image,sigma50_k3_actrelu_bs32_image,sigma50_k3_actrelu_bs64_image,sigma50_k3_actleakyrelu_bs8_image,sigma50_k3_actleakyrelu_bs16_image,sigma50_k3_actleakyrelu_bs32_image,sigma50_k3_actleakyrelu_bs64_image,sigma50_k5_actrelu_bs8_image,sigma50_k5_actrelu_bs16_image,sigma50_k5_actrelu_bs32_image,sigma50_k5_actrelu_bs64_image,sigma50_k5_actleakyrelu_bs8_image,sigma50_k5_actleakyrelu_bs16_image,sigma50_k5_actleakyrelu_bs32_image,sigma50_k5_actleakyrelu_bs64_image,sigma100_k3_actrelu_bs8_image,sigma100_k3_actrelu_bs16_image,sigma100_k3_actrelu_bs32_image,sigma100_k3_actrelu_bs64_image,sigma100_k3_actleakyrelu_bs8_image,sigma100_k3_actleakyrelu_bs16_image,sigma100_k3_actleakyrelu_bs32_image,sigma100_k3_actleakyrelu_bs64_image,sigma100_k5_actrelu_bs8_image,sigma100_k5_actrelu_bs16_image,sigma100_k5_actrelu_bs32_image,sigma100_k5_actrelu_bs64_image,sigma100_k5_actleakyrelu_bs8_image,sigma100_k5_actleakyrelu_bs16_image,sigma100_k5_actleakyrelu_bs32_image,sigma100_k5_actleakyrelu_bs64_image
1,59.17,57.15,56.17,56.63,59.82,57.62,56.4,57.81,111.78,105.23,104.03,101.92,113.25,105.58,106.08,101.39,59.32,56.9,55.48,57.29,60.37,57.87,56.6,56.98,110.49,105.77,105.33,101.86,112.62,107.21,105.9,102.63,60.27,57.68,56.38,57.71,59.83,57.2,56.45,57.85,112.02,106.7,105.71,102.39,112.99,107.62,106.76,101.36,60.4,57.4,55.57,57.0,59.79,57.29,56.1,57.36,110.7,105.87,105.44,101.93,112.87,107.57,106.56,103.18
2,58.83,57.2,56.29,56.61,59.67,57.65,56.46,57.92,111.59,105.36,103.9,101.96,112.92,105.55,106.1,101.33,59.33,56.86,55.56,57.3,60.27,57.95,56.63,57.0,110.45,106.03,105.37,101.87,112.39,107.24,105.6,102.66,60.16,57.71,56.37,57.73,59.86,57.19,56.7,57.84,111.84,106.83,105.85,102.46,112.72,107.74,106.82,101.29,60.33,57.38,55.67,56.93,59.79,57.19,56.04,57.42,110.79,105.84,105.46,101.83,112.62,107.53,106.57,103.24
3,59.26,57.29,56.25,56.62,59.6,57.64,56.45,57.93,111.23,105.11,103.92,101.9,112.78,105.56,106.19,101.37,59.35,56.85,55.63,57.27,60.22,57.94,56.64,57.06,110.39,106.24,105.36,101.9,112.19,107.26,105.49,102.64,60.11,57.73,56.42,57.73,59.87,57.26,56.49,57.75,111.76,106.9,106.05,102.48,112.48,107.73,107.02,101.3,60.3,57.37,55.7,56.9,59.77,57.17,55.98,57.52,110.8,105.64,105.5,101.93,112.6,107.57,106.65,103.3
4,59.49,57.32,56.27,56.64,59.56,57.72,56.46,57.88,111.06,105.02,104.17,101.92,112.33,105.62,106.22,101.35,59.39,56.87,55.64,57.29,60.19,57.94,56.64,57.08,109.96,106.17,105.4,101.86,112.24,107.24,105.38,102.66,60.07,57.8,56.45,57.72,59.91,57.25,56.47,57.8,111.6,106.89,105.98,102.5,112.54,107.78,106.92,101.34,60.33,57.43,55.66,56.87,59.8,57.17,55.96,57.53,110.72,105.48,105.54,102.02,112.55,107.63,106.67,103.32
5,59.98,57.34,56.25,56.66,59.53,57.66,56.55,57.91,110.67,104.94,104.36,101.91,112.19,105.66,106.24,101.33,59.36,56.84,55.65,57.29,60.19,57.96,56.68,57.02,109.77,106.04,105.53,101.88,112.25,107.2,105.3,102.73,60.05,57.79,56.42,57.74,59.89,57.28,56.47,57.76,111.51,107.03,106.01,102.54,112.58,107.82,106.92,101.31,60.24,57.31,55.65,56.89,59.82,57.13,55.96,57.57,110.7,105.35,105.58,102.1,112.51,107.62,106.72,103.24
6,60.27,57.33,56.29,56.65,59.53,57.71,56.53,57.89,110.7,104.95,104.34,101.92,112.76,105.65,106.34,101.31,59.37,56.87,55.65,57.31,60.19,57.96,56.65,57.07,109.57,106.09,105.47,101.92,112.23,107.34,105.29,102.85,60.05,57.85,56.45,57.78,59.9,57.26,56.49,57.76,111.46,107.0,106.02,102.54,112.59,107.83,106.92,101.29,60.25,57.3,55.67,56.89,59.8,57.11,55.93,57.54,110.53,105.2,105.64,102.1,112.48,107.59,106.71,103.27
7,60.34,57.35,56.34,56.64,59.52,57.74,56.53,57.94,110.46,104.88,104.44,101.93,112.37,105.44,106.38,101.33,59.33,56.92,55.69,57.29,60.17,57.97,56.65,57.09,109.55,106.16,105.57,101.97,112.21,107.14,105.15,102.88,60.0,57.85,56.45,57.75,59.92,57.25,56.45,57.78,111.37,106.92,106.1,102.53,112.51,107.83,107.0,101.32,60.26,57.23,55.66,56.92,59.82,57.16,55.92,57.5,110.47,105.15,105.59,102.2,112.52,107.58,106.72,103.26
8,60.37,57.41,56.31,56.7,59.52,57.74,56.53,57.9,108.29,104.8,104.56,101.97,112.32,105.49,106.37,101.36,59.33,56.91,55.69,57.33,60.15,57.95,56.65,57.07,109.53,106.17,105.56,101.99,112.2,107.16,105.07,103.9,59.98,57.86,56.46,57.77,59.88,57.25,56.49,57.74,111.39,106.96,106.04,102.55,112.5,107.86,106.91,101.36,60.22,57.21,55.68,56.97,59.8,57.16,55.9,57.44,110.28,105.22,105.62,102.18,112.49,107.63,106.76,103.22
9,60.51,57.45,56.32,56.66,59.51,57.7,56.57,57.91,107.59,104.84,104.62,101.99,112.34,105.5,106.4,101.37,59.29,56.88,55.72,57.41,60.2,58.02,56.67,57.05,106.89,106.18,105.31,102.03,112.18,107.18,105.11,102.87,59.98,57.87,56.45,57.76,59.97,57.21,56.5,57.76,111.32,106.89,106.04,102.57,112.5,107.93,107.01,101.35,60.21,57.2,55.71,56.91,59.79,57.11,55.9,57.4,110.21,105.43,105.67,102.19,112.48,107.68,106.78,103.25
10,60.15,57.39,56.28,56.66,59.48,57.72,56.53,57.89,107.5,104.73,104.65,102.08,112.28,105.49,106.31,101.39,59.31,56.86,55.74,57.38,60.17,57.97,56.67,57.07,106.77,105.81,105.33,102.07,112.19,107.27,105.08,102.82,59.97,57.83,56.43,57.77,59.92,57.23,56.52,57.76,111.3,106.85,106.02,102.52,112.51,107.84,106.92,101.35,60.15,57.18,55.65,56.95,59.84,57.25,55.84,57.35,110.13,105.59,105.65,102.21,112.56,107.62,106.8,103.21
11,59.55,57.4,56.33,56.69,59.53,57.73,56.55,57.9,107.45,104.72,104.76,102.1,112.31,105.53,106.31,101.43,59.31,56.85,55.75,57.34,60.17,57.94,56.65,57.05,106.53,105.77,105.3,102.12,112.21,107.28,105.1,102.88,59.96,57.85,56.49,57.74,59.83,57.24,56.52,57.81,111.32,106.85,106.05,102.55,112.51,107.86,106.97,101.36,60.21,57.12,55.65,56.92,59.8,57.31,55.84,57.36,110.05,105.68,105.68,102.22,112.5,107.59,106.8,103.22
12,59.46,57.42,56.29,56.68,59.56,57.77,56.54,57.91,107.41,104.72,104.85,102.12,112.35,105.52,106.34,101.45,59.32,56.85,55.83,57.33,60.13,57.97,56.69,57.09,106.46,105.76,105.31,102.1,112.2,107.29,105.05,102.88,60.01,57.82,56.49,57.79,59.87,57.21,56.53,57.8,111.36,106.81,106.02,102.53,112.47,107.86,106.98,101.35,60.21,57.16,55.63,56.9,59.83,57.38,55.84,57.32,110.02,105.76,105.69,102.19,112.48,107.62,106.82,103.28
13,59.42,57.36,56.27,56.7,59.52,57.74,56.58,57.91,107.34,104.77,104.88,102.2,112.32,105.53,106.31,101.49,59.31,56.81,55.83,57.33,60.12,57.99,56.66,57.07,106.44,105.76,105.34,102.13,112.22,107.32,105.04,102.86,59.96,57.88,56.47,57.82,59.84,57.25,56.54,57.8,111.37,106.83,106.05,102.53,112.51,107.86,107.03,101.35,60.23,57.1,55.66,56.9,59.82,57.38,56.17,57.27,110.02,105.84,105.72,102.2,112.52,107.62,106.85,103.24
14,59.44,57.43,56.3,56.69,59.5,57.71,56.56,57.89,107.33,104.74,105.06,102.18,112.28,105.56,106.34,101.51,59.29,56.95,55.83,57.35,60.14,57.98,56.67,57.03,106.44,105.75,105.3,102.13,112.25,107.29,105.02,102.89,59.9,57.87,56.47,57.75,59.87,57.24,56.5,57.8,111.36,106.8,106.01,102.54,112.53,107.91,106.96,101.39,60.17,57.08,55.64,56.89,59.81,57.36,56.04,57.27,109.97,105.9,105.74,102.18,112.48,107.59,106.86,103.21
15,59.42,57.41,56.3,56.7,59.5,57.74,56.51,57.88,107.38,105.02,104.92,102.13,112.36,105.57,106.33,101.53,59.32,57.07,55.86,57.33,60.14,57.99,56.66,57.06,106.43,105.72,105.37,102.12,112.21,107.33,104.93,102.92,59.94,57.83,56.51,57.73,59.84,57.22,56.53,57.79,111.34,106.83,105.99,102.56,112.47,107.9,106.97,101.44,60.19,57.12,55.66,56.89,59.78,57.4,55.98,57.24,109.97,105.97,105.67,102.22,112.44,107.62,106.84,103.22
16,59.46,57.48,56.34,56.66,59.49,57.76,56.5,57.9,107.41,104.79,105.1,102.17,112.29,105.58,106.4,101.5,59.28,57.09,55.92,57.35,60.12,58.02,56.68,57.05,106.46,105.75,105.37,102.16,112.23,107.33,104.96,102.9,59.93,57.82,56.49,57.74,59.85,57.23,56.53,57.8,111.31,106.84,106.02,102.54,112.41,107.9,107.01,101.43,60.17,57.16,55.67,57.08,59.79,57.43,55.98,57.24,107.38,105.97,105.74,102.25,112.43,107.62,106.89,103.26
17,59.42,57.44,56.24,56.69,59.51,57.76,56.53,57.9,107.37,104.73,105.16,102.22,112.3,105.55,106.4,101.56,59.31,57.06,55.92,57.37,60.14,58.04,56.65,57.05,106.44,105.7,105.39,102.15,112.19,107.34,104.95,102.91,59.96,57.86,56.47,57.75,59.86,57.21,56.56,57.77,111.33,106.8,105.97,102.54,112.47,107.88,107.04,101.39,60.19,57.06,55.62,56.94,59.78,57.42,56.03,57.21,109.96,105.98,105.78,102.22,112.45,107.63,106.91,103.17
18,59.45,57.46,56.31,56.7,59.49,57.74,56.56,57.84,107.38,104.77,105.11,102.21,112.32,105.61,106.46,101.54,59.29,57.15,55.92,57.33,60.13,58.09,56.67,57.03,106.47,105.7,105.42,102.14,112.21,107.36,104.95,103.0,59.93,57.83,56.45,57.78,59.85,57.21,56.54,57.82,111.34,106.81,105.94,102.7,112.46,107.91,107.0,101.41,60.22,57.08,55.69,56.98,59.79,57.46,55.95,57.22,110.13,106.06,105.73,102.21,112.49,107.59,106.9,103.19
19,59.47,57.46,56.32,56.7,59.47,57.79,56.58,57.88,107.36,104.68,105.13,102.26,112.31,105.67,106.41,101.51,59.27,57.08,55.92,57.32,60.14,58.02,56.61,57.05,106.64,105.7,105.58,102.14,112.24,107.33,104.92,102.93,59.96,57.84,56.48,57.79,59.88,57.23,56.55,57.8,111.39,106.77,105.97,102.7,112.52,107.85,106.99,101.49,60.23,57.04,55.66,57.0,59.81,57.5,55.87,57.18,109.95,106.05,105.75,102.21,112.67,107.59,106.95,103.19
20,59.46,57.47,56.3,56.68,59.48,57.81,56.54,57.92,107.4,104.69,105.16,102.24,112.25,105.69,106.47,101.43,59.28,57.13,55.97,57.38,60.15,58.01,56.51,57.05,106.76,105.71,105.59,102.14,112.24,107.31,104.99,102.94,59.94,57.86,56.48,57.76,59.9,57.33,56.58,57.78,111.39,106.8,105.93,102.6,112.45,107.92,106.98,101.44,60.23,57.06,55.63,56.96,59.8,57.55,56.0,57.22,109.93,106.03,105.77,102.22,112.68,107.6,106.91,103.22
21,59.45,57.86,56.31,56.73,59.45,57.74,56.62,57.9,107.36,104.71,105.18,102.23,112.31,105.69,106.44,101.47,59.37,57.09,55.92,57.41,60.13,57.97,56.37,57.07,106.84,105.61,105.55,102.16,112.26,107.33,104.95,102.95,59.94,57.88,56.53,57.84,59.95,57.38,56.54,57.78,111.36,106.81,105.99,102.58,112.43,107.87,107.0,101.43,60.19,57.05,55.64,56.93,59.79,57.45,55.97,57.17,110.11,106.08,105.74,102.21,112.51,107.57,106.89,103.0
22,59.45,57.7,56.31,56.67,59.49,57.79,56.58,57.87,107.36,104.67,105.22,102.25,112.3,105.7,106.49,101.49,59.32,57.12,55.95,57.33,60.15,58.01,56.32,57.02,106.97,105.61,105.52,102.19,112.18,107.33,104.91,102.97,59.96,57.87,56.58,57.74,59.89,57.43,56.62,57.78,111.36,106.78,105.97,102.61,112.45,107.86,107.01,101.45,60.24,57.05,55.69,56.93,59.74,57.47,55.98,57.2,110.34,106.08,105.75,102.19,112.53,107.59,106.88,102.82
23,59.47,57.52,56.34,56.65,59.51,57.81,56.57,57.9,107.42,104.7,105.22,102.27,112.25,105.7,106.46,101.52,59.33,57.11,55.93,57.38,60.14,58.01,56.21,57.04,107.03,105.63,105.58,102.14,112.21,107.3,104.9,102.99,59.94,57.85,56.49,57.77,59.89,57.5,56.53,57.78,111.38,106.82,105.97,102.57,112.44,107.95,106.98,101.39,60.2,57.03,55.64,57.0,59.75,57.58,56.03,57.2,110.55,106.29,105.73,102.2,112.56,107.58,106.9,102.58
24,59.42,57.51,56.34,56.7,59.46,57.76,56.55,57.9,107.42,104.62,105.2,102.27,112.26,105.74,106.47,101.49,59.32,57.04,56.01,57.37,60.14,58.01,56.18,57.03,107.08,105.07,105.55,102.16,112.2,107.38,104.9,102.99,59.97,57.83,56.53,57.77,59.95,57.54,56.58,57.81,111.39,106.88,105.98,102.53,112.48,107.87,106.97,101.38,60.21,57.05,55.64,56.93,59.85,57.54,55.97,57.21,110.71,106.35,105.72,102.16,112.51,107.56,106.88,102.39
25,59.71,57.44,56.36,56.67,59.48,57.79,56.53,57.89,107.39,104.62,105.18,102.27,112.25,105.7,106.5,101.49,59.36,57.12,56.02,57.39,60.12,58.0,56.1,57.03,107.16,104.68,105.54,102.19,112.2,107.3,104.91,102.96,59.97,57.86,56.49,57.77,60.05,57.5,56.59,57.83,111.42,106.81,105.94,102.54,112.45,107.89,107.05,101.35,60.19,57.05,55.62,56.91,59.92,57.59,56.0,57.17,110.79,106.11,105.74,102.18,112.65,107.57,106.87,103.21
26,59.56,57.48,56.3,56.64,59.49,57.78,56.52,57.88,107.35,104.64,105.19,102.25,112.25,105.69,106.49,101.47,59.36,57.1,55.95,57.37,60.12,57.96,56.12,57.03,107.22,103.49,105.59,102.17,112.19,107.33,104.92,102.96,59.97,57.87,56.5,57.78,60.1,57.47,56.61,57.81,111.37,106.81,105.95,102.53,112.49,107.86,107.1,101.38,60.19,57.04,55.65,56.92,59.77,57.63,55.99,57.23,110.93,106.1,105.75,102.16,112.57,107.58,106.87,101.86
27,59.56,57.46,56.32,56.64,59.52,57.82,56.54,57.88,107.37,104.56,105.2,102.25,112.27,105.69,106.5,101.44,59.44,57.07,55.95,57.38,60.12,57.97,56.09,57.03,107.22,102.88,105.56,102.17,112.19,107.33,104.97,103.0,59.96,57.84,56.5,57.78,59.93,57.46,56.62,57.85,111.41,106.81,105.93,102.57,112.44,107.87,107.03,101.34,60.27,57.07,55.66,56.92,59.89,57.71,56.05,57.17,111.02,106.14,105.74,102.2,112.56,107.56,106.87,101.82
28,59.54,57.47,56.3,56.66,59.46,57.8,56.59,57.9,107.36,104.56,105.25,102.24,112.24,105.7,106.54,101.43,59.36,57.1,55.98,57.33,60.12,58.03,56.05,57.06,107.25,102.85,105.55,102.16,112.22,107.35,105.14,102.97,60.0,58.16,56.51,57.78,59.92,57.53,56.56,57.79,111.4,106.8,105.98,102.52,112.41,107.82,106.96,101.36,60.2,57.02,55.62,56.87,60.0,57.69,56.05,57.2,111.03,106.32,105.73,102.21,112.54,107.56,106.87,101.77
29,59.55,57.51,56.51,56.67,59.46,57.76,56.66,57.88,107.38,104.55,105.25,102.26,112.3,105.96,106.5,101.45,59.36,57.1,56.05,57.43,60.11,58.01,56.02,57.01,107.26,102.74,105.56,102.16,112.23,107.3,105.38,103.01,59.94,57.91,56.53,57.84,60.16,57.52,56.54,58.0,111.39,106.88,105.97,102.55,112.43,107.87,107.06,101.37,60.25,57.04,55.68,56.89,59.84,57.68,56.01,57.27,110.75,106.35,105.78,102.2,112.52,107.6,106.89,101.75
30,59.63,57.46,56.46,56.66,59.51,57.81,56.58,57.89,107.38,104.66,105.21,102.27,112.33,105.69,106.53,101.47,59.41,57.12,56.11,57.32,60.13,58.03,56.01,57.14,107.3,102.68,105.59,102.15,112.24,107.31,105.57,103.02,59.93,57.89,56.48,57.8,59.88,57.52,56.61,57.96,111.36,106.9,106.0,102.55,112.47,107.83,106.99,101.36,60.23,57.03,55.65,56.9,59.78,57.67,56.06,57.38,110.54,106.33,105.76,102.23,112.51,107.56,106.83,101.72
