Name,Sigma,Kernel Size,Activator,Batch Size,Domain,Channels,Total runtime (seconds),Total runtime (minutes),Best Validation PSNR,Final Validation PSNR,Final Validation SSIM,Final Validation RMSE,Final Validation MAE,Final Validation MSE,Final Set12 PSNR,Final Set12 SSIM,Final Set12 RMSE,Final Set12 MAE,Final Set12 MSE
sigma15_k3_actrelu_bs8_image,15,3,relu,8,image,1,1788.37,29.81,31.6076,31.607575323816906,0.8934089091126773,0.02801262512553951,0.019442185293883085,0.0007847071664240074,32.605069618319085,0.9021587551566053,0.02362732731044462,0.016766100423410535,0.0005582505958348823
sigma15_k3_actrelu_bs8_fourier_complex,15,3,relu,8,fourier_complex,2,1858.04,30.97,51.1383,51.13829911106263,0.9982639679324627,0.003097458017020719,0.0017393047763856456,9.594246167205925e-06,50.620043801819484,0.9979528052249128,0.003208517831164217,0.0017352583527099341,1.0294586672898731e-05
sigma15_k3_actrelu_bs16_image,15,3,relu,16,image,1,1723.23,28.72,31.6762,31.676190037353148,0.8944268148235502,0.02788330129651764,0.019351909053511918,0.0007774784911923823,32.70081117749488,0.9027871469656427,0.023419298303971037,0.01666980772279203,0.0005484635330503806
sigma15_k3_actrelu_bs16_fourier_complex,15,3,relu,16,fourier_complex,2,1769.27,29.49,51.0059,51.00593956634597,0.997939452220213,0.0031362543403969647,0.0017204560503801879,9.8360912876588e-06,50.48298878907144,0.9976531477711629,0.0032537928945304607,0.001701558872203653,1.0587168200496913e-05
sigma15_k3_actrelu_bs32_image,15,3,relu,32,image,1,1689.6,28.16,31.61,31.60998888366458,0.892132599137387,0.02805536277510867,0.019538634312886966,0.0007871033804429531,32.62778623442261,0.9004788853373887,0.023614123742269462,0.01684216797972719,0.0005576268401152144
sigma15_k3_actrelu_bs32_fourier_complex,15,3,relu,32,fourier_complex,2,1722.88,28.71,50.2272,50.22720587095713,0.9969901854364641,0.0036011735996184296,0.0020248114442973234,1.2968451294588758e-05,50.03040270575278,0.9970412075177966,0.003424219991116063,0.0018102288789426286,1.172528254755889e-05
sigma15_k3_actrelu_bs64_image,15,3,relu,64,image,1,1700.23,28.34,31.454,31.45404704859853,0.8869562600345405,0.028458656458527534,0.01997515975552447,0.0008098951274244909,32.41210268255255,0.8949466990467161,0.024189944254426478,0.017379523099710543,0.0005851534030322606
sigma15_k3_actrelu_bs64_fourier_complex,15,3,relu,64,fourier_complex,2,1750.11,29.17,50.1932,50.193161727409404,0.9971454738779317,0.0033847413706115854,0.0018380950033829054,1.1456474145929592e-05,49.81105758655772,0.996768512759092,0.0035030217824934397,0.0018273730529472232,1.2271161608623515e-05
sigma15_k3_actleakyrelu_bs8_image,15,3,leakyrelu,8,image,1,1785.87,29.76,31.6639,31.663918120049107,0.8933519850633753,0.027924795949838918,0.019362349261748877,0.00077979422884014,32.69377866527177,0.9020953948945115,0.023442486805345164,0.016658620986466605,0.0005495501876187822
sigma15_k3_actleakyrelu_bs8_fourier_complex,15,3,leakyrelu,8,fourier_complex,2,1861.66,31.03,51.1216,51.121634093715784,0.998194721940888,0.003094541334906608,0.0016989060643348185,9.57618607344557e-06,50.63383163745841,0.9979061549404958,0.0032010663017391296,0.0016857169490928452,1.0246825468129828e-05
sigma15_k3_actleakyrelu_bs16_image,15,3,leakyrelu,16,image,1,1732.51,28.88,31.6356,31.635641462239597,0.8932623916223124,0.028002520827189518,0.019464738208197933,0.0007841411726771827,32.6577310149039,0.9017986971195078,0.023529465041318674,0.01674594924164315,0.0005536357251306375
sigma15_k3_actleakyrelu_bs16_fourier_complex,15,3,leakyrelu,16,fourier_complex,2,1778.01,29.63,51.0878,51.08784184004498,0.9980008696148983,0.00311912831015471,0.0016600078156710986,9.72896141520858e-06,50.630410222777385,0.9976945202607648,0.0032139493077376264,0.0016314230354813237,1.0329470152707168e-05
sigma15_k3_actleakyrelu_bs32_image,15,3,leakyrelu,32,image,1,1696.49,28.27,31.5937,31.593712265656986,0.8912924603013958,0.028106058956671138,0.019572858185069087,0.0007899505500758738,32.60184149959072,0.8996938689637632,0.023681273469831652,0.016875227602819603,0.0005608027131529525
sigma15_k3_actleakyrelu_bs32_fourier_complex,15,3,leakyrelu,32,fourier_complex,2,1748.3,29.14,50.8535,50.85349923699008,0.9978091659451257,0.0031863417747412404,0.0016913412306594716,1.0152773905461158e-05,50.41979123556334,0.99746965828334,0.0032915869398201076,0.0016744203846125554,1.0834544582394301e-05
sigma15_k3_actleakyrelu_bs64_image,15,3,leakyrelu,64,image,1,1737.0,28.95,31.3296,31.329566106781947,0.8836181805000427,0.02881348832851639,0.020276062115205124,0.0008302171096575501,32.24668587957972,0.8905449238492351,0.02465576300059313,0.017740752625589568,0.0006079066491414172
sigma15_k3_actleakyrelu_bs64_fourier_complex,15,3,leakyrelu,64,fourier_complex,2,1784.27,29.74,49.4709,49.47093832448534,0.9962406541281844,0.003645925427569031,0.002084805440116564,1.3292772223394422e-05,49.33122558257213,0.9967334137421465,0.0036801028499746577,0.0019811140664387494,1.35431569863916e-05
sigma15_k5_actrelu_bs8_image,15,5,relu,8,image,1,3248.51,54.14,29.9266,29.92656597858627,0.8263485810747719,0.03282455296110269,0.024581378599738374,0.0010774512770962354,30.384693384526397,0.8243457853490058,0.030398051715268812,0.02306901275490721,0.0009240415480841572
sigma15_k5_actrelu_bs8_fourier_complex,15,5,relu,8,fourier_complex,2,3422.87,57.05,51.8414,51.841369439923604,0.9989034893714424,0.002931072739110319,0.0014535964617286535,8.591187401955668e-06,51.28950533089272,0.9985744934167191,0.00304292175740104,0.0014495160818720858,9.259372821664632e-06
sigma15_k5_actrelu_bs16_image,15,5,relu,16,image,1,3144.03,52.4,31.5275,31.527515455931876,0.8915300957105163,0.028299852037357145,0.01974029080969665,0.0008008816253363073,32.48774660566507,0.8986540732306074,0.023981344692548177,0.017148313655828435,0.0005751048932628086
sigma15_k5_actrelu_bs16_fourier_complex,15,5,relu,16,fourier_complex,2,3186.34,53.11,49.9021,49.90207944315704,0.9966357135156524,0.009142285766641063,0.0019335379440556554,8.358138903892777e-05,50.50680041228676,0.9976413058187498,0.0032657096432113343,0.0016784731415100396,1.06648594737635e-05
sigma15_k5_actrelu_bs32_image,15,5,relu,32,image,1,3145.47,52.42,31.4541,31.454097743543382,0.8877172298809869,0.02848207092471983,0.01994822233887937,0.0008112283641607706,32.409829424293484,0.8960352587775424,0.024201172686882176,0.017339213207984965,0.0005856967594202919
sigma15_k5_actrelu_bs32_fourier_complex,15,5,relu,32,fourier_complex,2,3218.88,53.65,50.2961,50.296089999966505,0.9979288080583406,0.0033509247202771933,0.0017770731852472048,1.1228696480964786e-05,49.911781743487346,0.9974744008406978,0.003496974543633866,0.001789080696956565,1.2228830958823286e-05
sigma15_k5_actrelu_bs64_image,15,5,relu,64,image,1,3064.13,51.07,31.2803,31.280251330330852,0.883935617917553,0.02898644038312808,0.020428618806523875,0.0008402137260846383,31.578466139301668,0.8901394557313366,0.029765914752907623,0.01842211823289593,0.0008860096810773636
sigma15_k5_actrelu_bs64_fourier_complex,15,5,relu,64,fourier_complex,2,3103.3,51.72,50.1252,50.12519273627463,0.9965896585715333,0.003763322416282733,0.0018485524085596861,1.4162595608896107e-05,49.87203042863957,0.9963147368403319,0.0034937778099859034,0.0018448156382267673,1.2206483385549896e-05
sigma15_k5_actleakyrelu_bs8_image,15,5,leakyrelu,8,image,1,3371.67,56.19,31.6768,31.67675153074186,0.8938543522579468,0.02787619805916313,0.019339339780237746,0.0007770824182336903,32.700470981867944,0.9025309379264046,0.023417419844442938,0.016653703913713496,0.0005483755521709099
sigma15_k5_actleakyrelu_bs8_fourier_complex,15,5,leakyrelu,8,fourier_complex,2,3436.08,57.27,51.6429,51.64285835857389,0.9985994432392599,0.0029882958513710615,0.001446391813635059,8.929912095321497e-06,51.1662797348094,0.9982912798706055,0.003083605318197181,0.0014273483053936313,9.508621758413938e-06
sigma15_k5_actleakyrelu_bs16_image,15,5,leakyrelu,16,image,1,3168.81,52.81,31.47,31.470012641372893,0.8887743344434744,0.028427113156799733,0.019901368767023087,0.0008081007624294965,32.42009858496196,0.8963444359112493,0.02417378011487575,0.017309493152424693,0.0005843716450423623
sigma15_k5_actleakyrelu_bs16_fourier_complex,15,5,leakyrelu,16,fourier_complex,2,3219.15,53.65,50.1535,50.15352045828204,0.9918231920376679,0.005488287077307308,0.002091789154185201,3.0121295042938393e-05,50.388067934502835,0.9974312199672831,0.0033293207984426195,0.0016820794650508712,1.10843769789426e-05
sigma15_k5_actleakyrelu_bs32_image,15,5,leakyrelu,32,image,1,3191.44,53.19,31.3134,31.313377003652505,0.8865872288679201,0.029020988291014595,0.02024007461937692,0.0008422177613872062,32.11493255029591,0.8944356992390695,0.025295840945875756,0.01771316840313375,0.0006398795691590445
sigma15_k5_actleakyrelu_bs32_fourier_complex,15,5,leakyrelu,32,fourier_complex,2,3245.51,54.09,51.0809,51.080932314683565,0.9982031773629427,0.003148347502308877,0.0015772307455977973,9.912091995294545e-06,50.41924467854934,0.9976308310634098,0.0033441929346378083,0.0016319112910423428,1.1183626384081435e-05
sigma15_k5_actleakyrelu_bs64_image,15,5,leakyrelu,64,image,1,3043.44,50.72,31.2908,31.290751589080145,0.8843580248903787,0.028935280731469823,0.020413622506620252,0.0008372504710089689,32.17745788889596,0.8909239760460984,0.024844603472308362,0.01790172598945598,0.0006172543216962367
sigma15_k5_actleakyrelu_bs64_fourier_complex,15,5,leakyrelu,64,fourier_complex,2,3078.17,51.3,43.2753,43.275304326054396,0.9892955627003095,0.006909072126048551,0.002825912584632854,4.773527764294105e-05,43.000533349220206,0.9877183379123333,0.007330964648332386,0.0029284314756902554,5.374304267509918e-05
sigma25_k3_actrelu_bs8_image,25,3,relu,8,image,1,1780.2,29.67,29.1452,29.145183848700615,0.8290131265307492,0.037676781429550325,0.025663451017702326,0.0014195398588901084,30.185493360649474,0.8571656510961946,0.031448031017593005,0.02178198021526138,0.0009889786548834916
sigma25_k3_actrelu_bs8_fourier_complex,25,3,relu,8,fourier_complex,2,1848.46,30.81,48.7537,48.75372715984521,0.9951896077512238,0.0038848741972786482,0.002258905993692358,1.5092247528681422e-05,48.36836617236494,0.9947652687232296,0.004075711582250101,0.0022699043911416084,1.6611424901687617e-05
sigma25_k3_actrelu_bs16_image,25,3,relu,16,image,1,1710.05,28.5,29.1766,29.176624405426043,0.8300125209947181,0.037579843275754136,0.025548628983361757,0.0014122446206302436,30.270321689076994,0.8586283683829548,0.031101952181761615,0.021560420282185078,0.0009673314295165861
sigma25_k3_actrelu_bs16_fourier_complex,25,3,relu,16,fourier_complex,2,1748.03,29.13,47.993,47.992979492266,0.9954595658504275,0.004180716451046187,0.0025679644279401094,1.7478390044048222e-05,47.772503091394206,0.9950992661393919,0.004317417294384081,0.0025595182669349015,1.864009209384676e-05
sigma25_k3_actrelu_bs32_image,25,3,relu,32,image,1,1675.42,27.92,29.1023,29.102275917050434,0.828513141848617,0.03784032767681201,0.025811553508152858,0.0014318903986885049,30.16431709296359,0.8552505555132733,0.03147513063213482,0.021906190707037847,0.0009906838483099516
sigma25_k3_actrelu_bs32_fourier_complex,25,3,relu,32,fourier_complex,2,1732.53,28.88,47.5242,47.52415670270405,0.9898584478757464,0.004795237190934827,0.002903359925018295,2.2994299717324527e-05,47.289421838638994,0.9909545909967069,0.00455481531949126,0.0028133540569494167,2.0746342594672267e-05
sigma25_k3_actrelu_bs64_image,25,3,relu,64,image,1,1720.58,28.68,28.9144,28.914431608773693,0.8176628749387239,0.038474632964038157,0.02658099209999337,0.0014802973817174515,29.90606037975787,0.8440568710148009,0.03240014741302491,0.022763754551609356,0.0010497695523857449
sigma25_k3_actrelu_bs64_fourier_complex,25,3,relu,64,fourier_complex,2,1770.79,29.51,48.0977,48.09766836432873,0.9953073837801694,0.004155963329158346,0.0024217162418234,1.7272031193308922e-05,47.8383892262846,0.9947680407145857,0.004309634011453231,0.0024168410842927792,1.8572945312674467e-05
sigma25_k3_actleakyrelu_bs8_image,25,3,leakyrelu,8,image,1,1804.97,30.08,29.1547,29.154684725863447,0.8306378131335302,0.03764041621336857,0.02563772157437223,0.0014168009327156195,30.25268715753951,0.8581367008237932,0.031156098952615965,0.02164646703749895,0.0009707025019451976
sigma25_k3_actleakyrelu_bs8_fourier_complex,25,3,leakyrelu,8,fourier_complex,2,1879.27,31.32,48.7023,48.70233791880092,0.995510453754827,0.00391709590008368,0.002239363208098118,1.5343640290452374e-05,48.09803781803606,0.9947904723343951,0.004208319372164477,0.0022653955481170365,1.770995193813481e-05
sigma25_k3_actleakyrelu_bs16_image,25,3,leakyrelu,16,image,1,1739.74,29.0,29.1329,29.13290326037264,0.8271667588017366,0.03769331677112015,0.025750607950612903,0.0014207861292080076,30.234861807085057,0.8562500024982022,0.031227207890460705,0.021717372971276443,0.0009751385126340514
sigma25_k3_actleakyrelu_bs16_fourier_complex,25,3,leakyrelu,16,fourier_complex,2,1782.45,29.71,48.5036,48.50357804970573,0.9945719930551796,0.003988087880902429,0.0023217044500223197,1.5904844945800825e-05,48.04480485126995,0.994025954940119,0.004221342095294716,0.002324165815177063,1.781972908550718e-05
sigma25_k3_actleakyrelu_bs32_image,25,3,leakyrelu,32,image,1,1694.54,28.24,29.0375,29.03752168001715,0.8262879278785983,0.03804022081194967,0.02610726535375066,0.0014470583994218888,30.087542496341342,0.8522251448662149,0.03173925775774122,0.02216577949002385,0.001007380483012336
sigma25_k3_actleakyrelu_bs32_fourier_complex,25,3,leakyrelu,32,fourier_complex,2,1725.19,28.75,48.4607,48.46067704395157,0.9944524514308268,0.004001929502413182,0.0023234027698088217,1.6015439742285013e-05,48.090637122681926,0.9939093607496989,0.004190960122664905,0.0023211640655063093,1.7564146749767435e-05
sigma25_k3_actleakyrelu_bs64_image,25,3,leakyrelu,64,image,1,1711.66,28.53,28.8171,28.81708848324313,0.8133612524050532,0.03882161850472727,0.02683948096819222,0.0015071180633265827,29.75942677378066,0.8394310609384479,0.03293039824743316,0.023204723373055458,0.0010844111287345488
sigma25_k3_actleakyrelu_bs64_fourier_complex,25,3,leakyrelu,64,fourier_complex,2,1762.12,29.37,46.2993,46.29931806381863,0.9877592549237934,0.005089416816251995,0.0033100317471989374,2.5902163529548596e-05,46.28150245476109,0.98873997561572,0.00504653149952487,0.003171072186281284,2.546748017569674e-05
sigma25_k5_actrelu_bs8_image,25,5,relu,8,image,1,3229.81,53.83,26.675,26.67498646119044,0.7771554973763122,0.0584922430301863,0.03232202268041232,0.0034213424947023775,27.029718636268914,0.8007058939376516,0.061287535733206826,0.029691068766017754,0.0037561620362491035
sigma25_k5_actrelu_bs8_fourier_complex,25,5,relu,8,fourier_complex,2,3411.87,56.86,50.301,50.30096656728436,0.9980527745750363,0.003386125622238484,0.0017215404008953448,1.1465846729579961e-05,49.91579290314733,0.9977523793866098,0.003537363308883101,0.0017080414691008627,1.25129391790324e-05
sigma25_k5_actrelu_bs16_image,25,5,relu,16,image,1,3159.32,52.66,28.6232,28.62324217834645,0.8067623536479084,0.0395092203542753,0.027703304706579623,0.0015609784930026816,29.47762240838308,0.8268210134679118,0.03398197350738449,0.024333670114477474,0.001154774523456581
sigma25_k5_actrelu_bs16_fourier_complex,25,5,relu,16,fourier_complex,2,3226.91,53.78,48.5267,48.52671749452544,0.9965688757362569,0.003991623269785612,0.002217783418018371,1.5933056327893984e-05,48.13287509047268,0.9960078922162455,0.004189444633645157,0.0022361826073999205,1.7551446338378202e-05
sigma25_k5_actrelu_bs32_image,25,5,relu,32,image,1,3163.97,52.73,28.3788,28.37884171211675,0.8015946647639907,0.04082600763037717,0.028469790608676916,0.0016667628990356153,29.233226980477827,0.8267800501460242,0.035065135504869956,0.024834500160068274,0.0012295637279748917
sigma25_k5_actrelu_bs32_fourier_complex,25,5,relu,32,fourier_complex,2,3224.19,53.74,41.1319,41.13186264346884,0.9602516256999333,0.009459378231183499,0.00589531911400092,8.947983652058825e-05,41.58738900469428,0.9653785564122018,0.008461969818339962,0.005287966613347332,7.160493320649645e-05
sigma25_k5_actrelu_bs64_image,25,5,relu,64,image,1,3062.5,51.04,28.6905,28.690542978886057,0.8113941441513381,0.039479355313061154,0.027148901019245386,0.00155861949593493,29.704953440595517,0.8382337452431342,0.03314683299491669,0.023360093124210835,0.0010987125375928979
sigma25_k5_actrelu_bs64_fourier_complex,25,5,relu,64,fourier_complex,2,3103.51,51.73,40.3843,40.3842541606697,0.9469897293925328,0.010275411046277957,0.00645067315439091,0.00010558407216997105,40.58890955717214,0.9552825256859877,0.009458267341009812,0.006091847511318822,8.945882109401282e-05
sigma25_k5_actleakyrelu_bs8_image,25,5,leakyrelu,8,image,1,3367.11,56.12,28.4492,28.44924138339065,0.7970919711564504,0.040119537853370926,0.02825363602160531,0.0016095773175680626,29.312185808675405,0.8186215371934131,0.034608972706337615,0.02482363845532139,0.0011977809917880222
sigma25_k5_actleakyrelu_bs8_fourier_complex,25,5,leakyrelu,8,fourier_complex,2,3446.79,57.45,47.139,47.13903581657937,0.995174181217976,0.018432762173029606,0.0028674398370854117,0.00033976672132747114,49.37195259246126,0.9972115849016082,0.0036829686681891616,0.0019651007120652744,1.3564258210863045e-05
sigma25_k5_actleakyrelu_bs16_image,25,5,leakyrelu,16,image,1,3218.88,53.65,28.9801,28.980147650769343,0.8260757312305114,0.03886635542355456,0.02608916470233132,0.0015105935839100687,30.136548712400952,0.8539597404776784,0.03158908739759219,0.021892347528288763,0.0009978704426127176
sigma25_k5_actleakyrelu_bs16_fourier_complex,25,5,leakyrelu,16,fourier_complex,2,3256.23,54.27,48.6627,48.66269716033742,0.9969726282327973,0.003939060549337733,0.0020146351769867845,1.551619801134888e-05,48.29652949594898,0.9962760833455578,0.0041655371716914705,0.0020659486569153764,1.7351699928743376e-05
sigma25_k5_actleakyrelu_bs32_image,25,5,leakyrelu,32,image,1,3154.06,52.57,29.0739,29.073868202767528,0.8288676599485935,0.03786718748508383,0.025912626892985666,0.0014339238880304893,30.162982489778088,0.8542432611022107,0.03148985334226979,0.022051891467223566,0.0009916108635176595
sigma25_k5_actleakyrelu_bs32_fourier_complex,25,5,leakyrelu,32,fourier_complex,2,3245.27,54.09,44.4617,44.46169819141529,0.981752703584326,0.006074496360342951,0.004003999494564007,3.689950603181976e-05,44.187849287851954,0.9812787883214883,0.00635044721614495,0.004065536117802064,4.0328179845043145e-05
sigma25_k5_actleakyrelu_bs64_image,25,5,leakyrelu,64,image,1,3087.94,51.47,28.8125,28.812450554406922,0.8157584641972628,0.038822236981127696,0.02700949667076416,0.0015071660842188388,29.734882248652625,0.8384988776070516,0.03302818424798227,0.02340651225919525,0.0010908609547186643
sigma25_k5_actleakyrelu_bs64_fourier_complex,25,5,leakyrelu,64,fourier_complex,2,3130.62,52.18,47.6834,47.68336076965381,0.9951140020704675,0.004379429564736097,0.002240945997661637,1.9179403312484603e-05,47.15450598821787,0.9943044672083707,0.004775293158628355,0.0023307603357049325,2.2803424750842776e-05
sigma50_k3_actrelu_bs8_image,50,3,relu,8,image,1,1799.76,30.0,26.0361,26.036052729640172,0.7035989853268277,0.054049892780388326,0.036595000638900435,0.0029213909095714744,26.876056229600476,0.7647605228038462,0.04612809696986891,0.031554189355423055,0.0021278013300616294
sigma50_k3_actrelu_bs8_fourier_complex,50,3,relu,8,fourier_complex,2,1876.12,31.27,44.4071,44.407096952685485,0.9863756315476835,0.006139465545948111,0.0036851449746309836,3.769303718988393e-05,44.60817346584053,0.986314457898905,0.006099487778695128,0.0036600508028641343,3.7203751162451226e-05
sigma50_k3_actrelu_bs16_image,50,3,relu,16,image,1,1735.54,28.93,26.1525,26.152505291591556,0.7147698965054515,0.05355221637477748,0.03607040210900938,0.002867839878650985,26.99865302962628,0.7730056330619366,0.04548449918940784,0.030945354451735813,0.0020688396665112427
sigma50_k3_actrelu_bs16_fourier_complex,50,3,relu,16,fourier_complex,2,1780.21,29.67,44.0064,44.00636596004114,0.9864009360894379,0.006401812964044706,0.00430942716775462,4.098320922661087e-05,44.06750605066682,0.9851936987442511,0.00643877004429431,0.004385273205116391,4.145775968330175e-05
sigma50_k3_actrelu_bs32_image,50,3,relu,32,image,1,1694.4,28.24,26.0861,26.08607170753839,0.7103604346136739,0.053899046365957305,0.03634024445679696,0.002905107199159615,26.87732655438904,0.7663419649383334,0.046131741316729195,0.031540125608444214,0.0021281375569136194
sigma50_k3_actrelu_bs32_fourier_complex,50,3,relu,32,fourier_complex,2,1747.31,29.12,43.6064,43.60641524171079,0.9817459608625903,0.006692152961300206,0.004321496402981746,4.478491125743911e-05,43.437670340376236,0.9806456889244758,0.006944077326703409,0.004333915111298363,4.822020991923637e-05
sigma50_k3_actrelu_bs64_image,50,3,relu,64,image,1,1733.17,28.89,25.9459,25.94591282533868,0.6949131059794894,0.054710195546628294,0.03708064472576713,0.0029932054967503063,26.630878147985282,0.7509331951046563,0.04747131752356063,0.032519845136751734,0.0022535259874227145
sigma50_k3_actrelu_bs64_fourier_complex,50,3,relu,64,fourier_complex,2,1765.96,29.43,43.5281,43.52811623120302,0.9819893561939348,0.006756455105784307,0.004492736907730646,4.564968559647883e-05,43.323568781247054,0.9810286914767358,0.00704409439979726,0.004464849946089089,4.961926591325513e-05
sigma50_k3_actleakyrelu_bs8_image,50,3,leakyrelu,8,image,1,1797.45,29.96,26.1692,26.16924269029288,0.7150745941541645,0.05346713262436427,0.03598647134597687,0.002858734271071358,26.972858714347808,0.7714080192842748,0.04560303583282403,0.0310704472164313,0.0020796368771698326
sigma50_k3_actleakyrelu_bs8_fourier_complex,50,3,leakyrelu,8,fourier_complex,2,1860.82,31.01,44.5235,44.52351158226128,0.9857026411611405,0.00609135399144482,0.0036354908918249697,3.710459344909075e-05,44.81677456963806,0.9867648459027453,0.005958314100829541,0.003562514903023839,3.5501506924144145e-05
sigma50_k3_actleakyrelu_bs16_image,50,3,leakyrelu,16,image,1,1719.8,28.66,26.1688,26.16881147480684,0.7173915683114067,0.05346264612211099,0.035998332944205576,0.0028582545303780693,26.99675273539042,0.7726109510239931,0.04548402547532059,0.031033522449433804,0.002068796573439613
sigma50_k3_actleakyrelu_bs16_fourier_complex,50,3,leakyrelu,16,fourier_complex,2,1771.69,29.53,44.1294,44.12944236411131,0.9849944597823992,0.006316600471005651,0.0038993888096336055,3.989944151030881e-05,44.15405055515024,0.9838136586534801,0.006412813362057676,0.0039251610287465155,4.112417521658548e-05
sigma50_k3_actleakyrelu_bs32_image,50,3,leakyrelu,32,image,1,1696.42,28.27,26.1309,26.130893295457362,0.7127385472621883,0.05368634766449718,0.03608670452719226,0.0028822239255532622,26.92625383783165,0.7687835731777652,0.04588129510999821,0.031248993705958128,0.0021050932409707457
sigma50_k3_actleakyrelu_bs32_fourier_complex,50,3,leakyrelu,32,fourier_complex,2,1746.62,29.11,43.7513,43.75131514906712,0.9829272644858917,0.006612069944418547,0.004185264409684083,4.371946894988308e-05,43.37782232104888,0.982514605484546,0.007055724921965687,0.004205786157399416,4.97832541744477e-05
sigma50_k3_actleakyrelu_bs64_image,50,3,leakyrelu,64,image,1,1734.38,28.91,25.9837,25.98365074119661,0.699526442751206,0.054455364079398015,0.03688291415079113,0.0029653866770197913,26.707786184905547,0.7541250588838556,0.047049019947038646,0.032286866257588066,0.0022136102779768407
sigma50_k3_actleakyrelu_bs64_fourier_complex,50,3,leakyrelu,64,fourier_complex,2,1784.53,29.74,43.2871,43.28706793959872,0.9775659740582457,0.006935489111546897,0.004465464208110729,4.810100921638557e-05,42.950206356493176,0.9763090497570227,0.007356720058495307,0.004494012023011844,5.4121330019067195e-05
sigma50_k5_actrelu_bs8_image,50,5,relu,8,image,1,3343.03,55.72,25.9995,25.99947733155696,0.7142639832568043,0.054560207783668754,0.036395168315400094,0.0029768162733971085,26.847132740375894,0.7712923236948229,0.046369148574200054,0.0313387339313825,0.002150097939496239
sigma50_k5_actrelu_bs8_fourier_complex,50,5,relu,8,fourier_complex,2,3433.12,57.22,43.3688,43.3687825397994,0.9886258910123459,0.012638686700855018,0.004111037517706042,0.00015973640152236947,44.83435197010203,0.9897984846938627,0.0060113278180018905,0.003647843705645452,3.613606213548337e-05
sigma50_k5_actrelu_bs16_image,50,5,relu,16,image,1,3205.52,53.43,26.0122,26.012179854295397,0.7057713838967244,0.05419371886061332,0.0368035783415989,0.002936959163943196,26.799148551945944,0.7595237468722758,0.0464792281753889,0.031974771370490394,0.0021603186517798654
sigma50_k5_actrelu_bs16_fourier_complex,50,5,relu,16,fourier_complex,2,3243.89,54.06,42.2276,42.22763867031456,0.9846580552524936,0.016911507949870303,0.005329277311616084,0.0002859991011385265,43.14497097185963,0.9843080284665069,0.007116939446291816,0.005071368340092401,5.0650827082184456e-05
sigma50_k5_actrelu_bs32_image,50,5,relu,32,image,1,3179.54,52.99,25.8113,25.81125626909515,0.7037828740008648,0.055654775614589445,0.03690189455964548,0.0030974540487103,26.827834341919683,0.7606866924357539,0.04636595537377202,0.031780587043613195,0.0021498018177226186
sigma50_k5_actrelu_bs32_fourier_complex,50,5,relu,32,fourier_complex,2,3243.17,54.05,44.5631,44.56314527287982,0.9880944390548357,0.006039163629482829,0.0037054710829740062,3.647149734366822e-05,43.91558288069809,0.9868038705761726,0.006710256523195121,0.003912277810741216,4.502754260708267e-05
sigma50_k5_actrelu_bs64_image,50,5,relu,64,image,1,3076.71,51.28,25.9742,25.97419653757613,0.6988980712954126,0.0543998526479012,0.037097786375157094,0.002959343968113364,26.63795415023654,0.7469313220129429,0.04739272641853678,0.032783120249708496,0.002246070517382274
sigma50_k5_actrelu_bs64_fourier_complex,50,5,relu,64,fourier_complex,2,3117.07,51.95,42.5246,42.524559444374916,0.9680248424444239,0.010701273183112082,0.005104372051873189,0.0001145172477395938,42.602386194269435,0.9689883317908222,0.0076181914409681264,0.00498057766041408,5.803684083124002e-05
sigma50_k5_actleakyrelu_bs8_image,50,5,leakyrelu,8,image,1,3375.29,56.25,25.6031,25.60308356630563,0.7100071566457765,0.05768988314395564,0.036943050060311663,0.0033281226171632573,26.27265155215743,0.763070677622038,0.04965801405034537,0.03207509762917956,0.002465918359424298
sigma50_k5_actleakyrelu_bs8_fourier_complex,50,5,leakyrelu,8,fourier_complex,2,3456.39,57.61,44.6116,44.611576049454555,0.9858412381029924,0.0077422253432769695,0.0035077672732500907,5.994205326608019e-05,45.15876984723044,0.9875074464108399,0.005730372622232878,0.0034928662159169712,3.283717038963611e-05
sigma50_k5_actleakyrelu_bs16_image,50,5,leakyrelu,16,image,1,3235.63,53.93,25.8202,25.82021303656947,0.7051232404793623,0.05506766673863212,0.03734231801867923,0.00303244792003705,26.408869251443875,0.7569236100568748,0.048856485197276464,0.03320599362875024,0.0023869561458316944
sigma50_k5_actleakyrelu_bs16_fourier_complex,50,5,leakyrelu,16,fourier_complex,2,3273.14,54.55,43.9392,43.9392198736563,0.9735678580425813,0.02863712546222624,0.005330231924103025,0.0008200849547392863,44.63931107467628,0.9844265261342127,0.006149107703104939,0.0035645604172411063,3.7811525544384494e-05
sigma50_k5_actleakyrelu_bs32_image,50,5,leakyrelu,32,image,1,3209.49,53.49,26.0453,26.0452599223553,0.7046313789882134,0.05415159016443753,0.03632781306719955,0.0029323947173372075,26.881267772282907,0.7623275837673823,0.046123953959507795,0.03141154255717993,0.002127419128858795
sigma50_k5_actleakyrelu_bs32_fourier_complex,50,5,leakyrelu,32,fourier_complex,2,3251.55,54.19,41.8698,41.86984108457639,0.9735690049042942,0.019134814061594178,0.005975152571302126,0.0003661411091717823,42.41795810864167,0.9806013884225373,0.007705829952691219,0.005307554150931537,5.9379815259793155e-05
sigma50_k5_actleakyrelu_bs64_image,50,5,leakyrelu,64,image,1,3041.36,50.69,25.7117,25.71167457627227,0.6774392062460093,0.055833412143618734,0.03829286314601846,0.003117369911599192,26.2423334117712,0.7237606724786886,0.04962289737273458,0.034388046246021986,0.002462431943664948
sigma50_k5_actleakyrelu_bs64_fourier_complex,50,5,leakyrelu,64,fourier_complex,2,3108.18,51.8,42.1119,42.111913536935894,0.9654853486200151,0.007920974776394002,0.005500730832436067,6.274184140827e-05,41.81491474504196,0.9651078450353229,0.008304815799797624,0.005543814040720463,6.896996546856826e-05
sigma100_k3_actrelu_bs8_image,100,3,relu,8,image,1,1807.13,30.12,23.6424,23.642371947263445,0.588446195323619,0.07162154261905035,0.04826295742874637,0.005129645367132445,23.819671755857147,0.6597227359068997,0.06573355923453929,0.044530968802670635,0.004320900809640686
sigma100_k3_actrelu_bs8_fourier_complex,100,3,relu,8,fourier_complex,2,1882.24,31.37,39.7881,39.788059291915495,0.9549104251390493,0.012509855928769548,0.007699216469464933,0.0001564964953585706,40.454338729713605,0.9613685448965424,0.009645772064880976,0.006411101358632247,9.30409187276382e-05
sigma100_k3_actrelu_bs16_image,100,3,relu,16,image,1,1714.54,28.58,23.6316,23.631553678776026,0.5886938151018565,0.07158644811232175,0.04834788928137106,0.0051246195533381335,23.77999234026463,0.65745144006366,0.06599136243264868,0.044777504789332546,0.004354859915717195
sigma100_k3_actrelu_bs16_fourier_complex,100,3,relu,16,fourier_complex,2,1755.6,29.26,40.7167,40.71672105017257,0.9624390911147723,0.009307379796931211,0.005995253977530143,8.662731868432328e-05,40.692602678201915,0.9613347237336716,0.009419164701489601,0.005830694610873858,8.872066367378768e-05
sigma100_k3_actrelu_bs32_image,100,3,relu,32,image,1,1669.83,27.83,23.5627,23.562667788347316,0.5796715532574646,0.07201133544323358,0.04875879485488815,0.005185632432317909,23.69387097711363,0.6451470024912112,0.0666233827205548,0.04542198156317075,0.004438675125129521
sigma100_k3_actrelu_bs32_fourier_complex,100,3,relu,32,fourier_complex,2,1721.0,28.68,39.9832,39.983179408155586,0.9525525279586584,0.010097603264517498,0.0066752182456719525,0.00010196159168759444,39.960344511618096,0.9505297176170789,0.010222999099169672,0.006459632034723957,0.00010450971058162395
sigma100_k3_actrelu_bs64_image,100,3,relu,64,image,1,1708.07,28.47,23.4317,23.431702855026742,0.5718135728279008,0.07285500501976407,0.04987266703563578,0.005307851756429847,23.523243795111743,0.6343935325054378,0.06787734308791112,0.04651678322503964,0.004607333704673995
sigma100_k3_actrelu_bs64_fourier_complex,100,3,relu,64,fourier_complex,2,1756.88,29.28,39.3933,39.393344805941354,0.9334509708471403,0.010927374178231305,0.007644952233771191,0.00011940750643107629,39.876512574386986,0.9378667081265387,0.010282332795449049,0.006989877942639093,0.00010572636771636705
sigma100_k3_actleakyrelu_bs8_image,100,3,leakyrelu,8,image,1,1794.53,29.91,23.6031,23.603074272431286,0.5873659126234252,0.07179028060233472,0.04860113761113847,0.005153844388961957,23.754731486043895,0.6561499347551848,0.06618047121604136,0.04497491009533405,0.004379854770377278
sigma100_k3_actleakyrelu_bs8_fourier_complex,100,3,leakyrelu,8,fourier_complex,2,1861.16,31.02,40.3689,40.36886295944891,0.9602938490124628,0.009956819290710395,0.006604650112635949,9.913825038786265e-05,40.655088656570186,0.962393905759482,0.009459320011863323,0.005993427359499037,8.947873508683794e-05
sigma100_k3_actleakyrelu_bs16_image,100,3,leakyrelu,16,image,1,1722.14,28.7,23.5851,23.58511538877528,0.5838805170678703,0.07188791511353393,0.04853412514442906,0.0051678723393706605,23.733949688248376,0.6512096518725433,0.06631869514563643,0.0450434684753418,0.00439816932581986
sigma100_k3_actleakyrelu_bs16_fourier_complex,100,3,leakyrelu,16,fourier_complex,2,1766.6,29.44,40.5636,40.5635545006589,0.9607519324214584,0.009559167382192164,0.00634219148881076,9.137768104076659e-05,41.128664391905126,0.965047670346689,0.00901962089270198,0.005691666350079079,8.135356104806608e-05
sigma100_k3_actleakyrelu_bs32_image,100,3,leakyrelu,32,image,1,1679.51,27.99,23.5709,23.57090788118491,0.5823102921754253,0.0720523715998774,0.04864656213013565,0.00519154425316682,23.71747849441178,0.652384281137277,0.06648959671911459,0.04519661795347929,0.004420866471870492
sigma100_k3_actleakyrelu_bs32_fourier_complex,100,3,leakyrelu,32,fourier_complex,2,1734.27,28.9,40.2285,40.22852308174347,0.9535567791057782,0.009828428863450879,0.006600986234843731,9.659801392391433e-05,40.26379791877431,0.9537570244611383,0.009900387248610108,0.006357129896059632,9.801766767244165e-05
sigma100_k3_actleakyrelu_bs64_image,100,3,leakyrelu,64,image,1,1719.57,28.66,23.4189,23.418942055930465,0.5673850332131805,0.07306091648036865,0.04980607481454225,0.005337897516951403,23.47552390317149,0.6318908861569487,0.06828107479280847,0.046784610487520695,0.004662305174861103
sigma100_k3_actleakyrelu_bs64_fourier_complex,100,3,leakyrelu,64,fourier_complex,2,1771.93,29.53,39.5416,39.541595616507436,0.9487639285918767,0.010675314727522627,0.007716092794640537,0.0001139623445316615,39.946451348834536,0.9522485428553997,0.010237276403088733,0.007156006448591749,0.0001048018281532374
sigma100_k5_actrelu_bs8_image,100,5,relu,8,image,1,3309.61,55.16,23.4356,23.435636197276995,0.5656857392575466,0.0728011711696773,0.04963471170733957,0.005300010523676653,23.617552688585295,0.6366908925487165,0.06724985785206905,0.045778969302773476,0.004522543381123493
sigma100_k5_actrelu_bs8_fourier_complex,100,5,relu,8,fourier_complex,2,3392.71,56.55,41.4536,41.4536402299182,0.9727087063998281,0.008965274958987088,0.005902913364800899,8.037615509024095e-05,42.062438436093814,0.9703772498287919,0.008088484241526257,0.0050895986302445335,6.542357732541859e-05
sigma100_k5_actrelu_bs16_image,100,5,relu,16,image,1,3176.39,52.94,23.765,23.76501064187519,0.6009992034843946,0.07072334333407558,0.047263213652460015,0.005001791292349534,23.80255186558477,0.666574486183238,0.06643450681606947,0.04399193202455839,0.00441354369589438
sigma100_k5_actrelu_bs16_fourier_complex,100,5,relu,16,fourier_complex,2,3237.23,53.95,39.5331,39.53312912602739,0.9589719754705723,0.011217272106373789,0.007876757963779657,0.00012582719350843143,40.345732417763124,0.9591341503754448,0.009758481036487745,0.006657602071451644,9.522795213949091e-05
sigma100_k5_actrelu_bs32_image,100,5,relu,32,image,1,3170.6,52.84,23.597,23.597023285677146,0.5780693798505032,0.07170662618238068,0.04861553720034221,0.0051418402384596825,23.711887877589746,0.64133175443778,0.0664892179442746,0.0453757019713521,0.004420816102841248
sigma100_k5_actrelu_bs32_fourier_complex,100,5,relu,32,fourier_complex,2,3230.31,53.84,40.0885,40.088524346861625,0.944252806745676,0.010129858547374452,0.006964670610614121,0.00010261403418981525,40.11217285622395,0.9393233200197112,0.010060202043840784,0.006645914749242365,0.0001012076651628983
sigma100_k5_actrelu_bs64_image,100,5,relu,64,image,1,3064.93,51.08,23.2279,23.2279042645441,0.5431454268233915,0.07437770827225974,0.050919350181870604,0.005532043487833375,23.29908488916522,0.6143659051902889,0.06966715907080961,0.04790935727457205,0.0048535130529974895
sigma100_k5_actrelu_bs64_fourier_complex,100,5,relu,64,fourier_complex,2,3115.42,51.92,39.9324,39.93239719917099,0.9396791634139656,0.010125932042737608,0.007110281963832676,0.00010253449973414022,39.60837190975459,0.9341195718259335,0.01060487452169606,0.007254755628916125,0.00011246336362091824
sigma100_k5_actleakyrelu_bs8_image,100,5,leakyrelu,8,image,1,3376.32,56.27,23.058,23.05804458154902,0.5872905978334559,0.07704031984511053,0.049667140140252954,0.005935210881836931,21.90758167813885,0.6386455964677182,0.08857913008475758,0.05042757528523604,0.007846262286572406
sigma100_k5_actleakyrelu_bs8_fourier_complex,100,5,leakyrelu,8,fourier_complex,2,3455.2,57.59,39.665,39.66502646408426,0.9634302764178796,0.010435220370607205,0.008034577819190043,0.00010889382418313557,39.35767288433018,0.9610727218354973,0.010820704635465568,0.007963904257242879,0.00011708764880798601
sigma100_k5_actleakyrelu_bs16_image,100,5,leakyrelu,16,image,1,3227.95,53.8,23.4409,23.44087404517134,0.560616098622505,0.07259160576192257,0.04977617741507642,0.005269541227094391,23.54941789666897,0.6151875513147597,0.06759786912877591,0.047021773643791676,0.004569471910751115
sigma100_k5_actleakyrelu_bs16_fourier_complex,100,5,leakyrelu,16,fourier_complex,2,3265.98,54.43,42.0777,42.07766179553829,0.9799705943052501,0.008316128856907225,0.0054251156706253394,6.915799916468506e-05,42.52232365794118,0.9774484680070117,0.007726078608042127,0.004764381640901168,5.9692290657646176e-05
sigma100_k5_actleakyrelu_bs32_image,100,5,leakyrelu,32,image,1,3204.57,53.41,23.5925,23.59248957662241,0.5794877844975956,0.07188314367159314,0.04835342821281623,0.0051671863441109,23.738180874311325,0.6505889755573984,0.06636001766279456,0.044906328742702804,0.004403651944206406
sigma100_k5_actleakyrelu_bs32_fourier_complex,100,5,leakyrelu,32,fourier_complex,2,3264.29,54.4,40.8083,40.808250533491815,0.9521442587470197,0.009239674074100184,0.006436192320988458,8.53715769955991e-05,40.5735076528049,0.9467983311367522,0.009534647361621148,0.00635214716506501,9.090950031046911e-05
sigma100_k5_actleakyrelu_bs64_image,100,5,leakyrelu,64,image,1,3087.92,51.47,23.5409,23.54090348280314,0.5697540902633176,0.07208275317561626,0.04901433180031531,0.005195923305376817,23.680395305750874,0.6382965779065878,0.06676046875727112,0.045551297875742115,0.004456960188690573
sigma100_k5_actleakyrelu_bs64_fourier_complex,100,5,leakyrelu,64,fourier_complex,2,3087.6,51.46,39.6717,39.671740731973124,0.9154954930630986,0.01076936062020232,0.007684246438336284,0.00011597912816796452,39.8687928563073,0.9242895374581451,0.010273112003340428,0.00718762391867737,0.00010553683023317717
