Name,Sigma,Kernel,Activation,Batch Size,Domain,Val PSNR,Val SSIM,Val RMSE,Val MAE,Set12 PSNR,Set12 SSIM,Set12 RMSE,Set12 MAE,Runtime (min)
sigma15_k3_actrelu_bs8_image,15,3,relu,8,image,31.6076,0.8934,0.02801,0.01944,32.6051,0.9022,0.02363,0.01677,29.8
sigma15_k3_actrelu_bs8_fourier_complex,15,3,relu,8,fourier_complex,51.1383,0.9983,0.00310,0.00174,50.6200,0.9980,0.00321,0.00174,31.0
sigma15_k3_actrelu_bs16_image,15,3,relu,16,image,31.6762,0.8944,0.02788,0.01935,32.7008,0.9028,0.02342,0.01667,28.7
sigma15_k3_actrelu_bs16_fourier_complex,15,3,relu,16,fourier_complex,51.0059,0.9979,0.00314,0.00172,50.4830,0.9977,0.00325,0.00170,29.5
sigma15_k3_actrelu_bs32_image,15,3,relu,32,image,31.6100,0.8921,0.02806,0.01954,32.6278,0.9005,0.02361,0.01684,28.2
sigma15_k3_actrelu_bs32_fourier_complex,15,3,relu,32,fourier_complex,50.2272,0.9970,0.00360,0.00202,50.0304,0.9970,0.00342,0.00181,28.7
sigma15_k3_actrelu_bs64_image,15,3,relu,64,image,31.4540,0.8870,0.02846,0.01998,32.4121,0.8949,0.02419,0.01738,28.3
sigma15_k3_actrelu_bs64_fourier_complex,15,3,relu,64,fourier_complex,50.1932,0.9971,0.00338,0.00184,49.8111,0.9968,0.00350,0.00183,29.2
sigma15_k3_actleakyrelu_bs8_image,15,3,leakyrelu,8,image,31.6639,0.8934,0.02792,0.01936,32.6938,0.9021,0.02344,0.01666,29.8
sigma15_k3_actleakyrelu_bs8_fourier_complex,15,3,leakyrelu,8,fourier_complex,51.1216,0.9982,0.00309,0.00170,50.6338,0.9979,0.00320,0.00169,31.0
sigma15_k3_actleakyrelu_bs16_image,15,3,leakyrelu,16,image,31.6356,0.8933,0.02800,0.01946,32.6577,0.9018,0.02353,0.01675,28.9
sigma15_k3_actleakyrelu_bs16_fourier_complex,15,3,leakyrelu,16,fourier_complex,51.0878,0.9980,0.00312,0.00166,50.6304,0.9977,0.00321,0.00163,29.6
sigma15_k3_actleakyrelu_bs32_image,15,3,leakyrelu,32,image,31.5937,0.8913,0.02811,0.01957,32.6018,0.8997,0.02368,0.01688,28.3
sigma15_k3_actleakyrelu_bs32_fourier_complex,15,3,leakyrelu,32,fourier_complex,50.8535,0.9978,0.00319,0.00169,50.4198,0.9975,0.00329,0.00167,29.1
sigma15_k3_actleakyrelu_bs64_image,15,3,leakyrelu,64,image,31.3296,0.8836,0.02881,0.02028,32.2467,0.8905,0.02466,0.01774,28.9
sigma15_k3_actleakyrelu_bs64_fourier_complex,15,3,leakyrelu,64,fourier_complex,49.4709,0.9962,0.00365,0.00208,49.3312,0.9967,0.00368,0.00198,29.7
sigma15_k5_actrelu_bs8_image,15,5,relu,8,image,29.9266,0.8263,0.03282,0.02458,30.3847,0.8243,0.03040,0.02307,54.1
sigma15_k5_actrelu_bs8_fourier_complex,15,5,relu,8,fourier_complex,51.8414,0.9989,0.00293,0.00145,51.2895,0.9986,0.00304,0.00145,57.0
sigma15_k5_actrelu_bs16_image,15,5,relu,16,image,31.5275,0.8915,0.02830,0.01974,32.4877,0.8987,0.02398,0.01715,52.4
sigma15_k5_actrelu_bs16_fourier_complex,15,5,relu,16,fourier_complex,49.9021,0.9966,0.00914,0.00193,50.5068,0.9976,0.00327,0.00168,53.1
sigma15_k5_actrelu_bs32_image,15,5,relu,32,image,31.4541,0.8877,0.02848,0.01995,32.4098,0.8960,0.02420,0.01734,52.4
sigma15_k5_actrelu_bs32_fourier_complex,15,5,relu,32,fourier_complex,50.2961,0.9979,0.00335,0.00178,49.9118,0.9975,0.00350,0.00179,53.6
sigma15_k5_actrelu_bs64_image,15,5,relu,64,image,31.2803,0.8839,0.02899,0.02043,31.5785,0.8901,0.02977,0.01842,51.1
sigma15_k5_actrelu_bs64_fourier_complex,15,5,relu,64,fourier_complex,50.1252,0.9966,0.00376,0.00185,49.8720,0.9963,0.00349,0.00184,51.7
sigma15_k5_actleakyrelu_bs8_image,15,5,leakyrelu,8,image,31.6768,0.8939,0.02788,0.01934,32.7005,0.9025,0.02342,0.01665,56.2
sigma15_k5_actleakyrelu_bs8_fourier_complex,15,5,leakyrelu,8,fourier_complex,51.6429,0.9986,0.00299,0.00145,51.1663,0.9983,0.00308,0.00143,57.3
sigma15_k5_actleakyrelu_bs16_image,15,5,leakyrelu,16,image,31.4700,0.8888,0.02843,0.01990,32.4201,0.8963,0.02417,0.01731,52.8
sigma15_k5_actleakyrelu_bs16_fourier_complex,15,5,leakyrelu,16,fourier_complex,50.1535,0.9918,0.00549,0.00209,50.3881,0.9974,0.00333,0.00168,53.6
sigma15_k5_actleakyrelu_bs32_image,15,5,leakyrelu,32,image,31.3134,0.8866,0.02902,0.02024,32.1149,0.8944,0.02530,0.01771,53.2
sigma15_k5_actleakyrelu_bs32_fourier_complex,15,5,leakyrelu,32,fourier_complex,51.0809,0.9982,0.00315,0.00158,50.4192,0.9976,0.00334,0.00163,54.1
sigma15_k5_actleakyrelu_bs64_image,15,5,leakyrelu,64,image,31.2908,0.8844,0.02894,0.02041,32.1775,0.8909,0.02484,0.01790,50.7
sigma15_k5_actleakyrelu_bs64_fourier_complex,15,5,leakyrelu,64,fourier_complex,43.2753,0.9893,0.00691,0.00283,43.0005,0.9877,0.00733,0.00293,51.3
sigma25_k3_actrelu_bs8_image,25,3,relu,8,image,29.1452,0.8290,0.03768,0.02566,30.1855,0.8572,0.03145,0.02178,29.7
sigma25_k3_actrelu_bs8_fourier_complex,25,3,relu,8,fourier_complex,48.7537,0.9952,0.00388,0.00226,48.3684,0.9948,0.00408,0.00227,30.8
sigma25_k3_actrelu_bs16_image,25,3,relu,16,image,29.1766,0.8300,0.03758,0.02555,30.2703,0.8586,0.03110,0.02156,28.5
sigma25_k3_actrelu_bs16_fourier_complex,25,3,relu,16,fourier_complex,47.9930,0.9955,0.00418,0.00257,47.7725,0.9951,0.00432,0.00256,29.1
sigma25_k3_actrelu_bs32_image,25,3,relu,32,image,29.1023,0.8285,0.03784,0.02581,30.1643,0.8553,0.03148,0.02191,27.9
sigma25_k3_actrelu_bs32_fourier_complex,25,3,relu,32,fourier_complex,47.5242,0.9899,0.00480,0.00290,47.2894,0.9910,0.00455,0.00281,28.9
sigma25_k3_actrelu_bs64_image,25,3,relu,64,image,28.9144,0.8177,0.03847,0.02658,29.9061,0.8441,0.03240,0.02276,28.7
sigma25_k3_actrelu_bs64_fourier_complex,25,3,relu,64,fourier_complex,48.0977,0.9953,0.00416,0.00242,47.8384,0.9948,0.00431,0.00242,29.5
sigma25_k3_actleakyrelu_bs8_image,25,3,leakyrelu,8,image,29.1547,0.8306,0.03764,0.02564,30.2527,0.8581,0.03116,0.02165,30.1
sigma25_k3_actleakyrelu_bs8_fourier_complex,25,3,leakyrelu,8,fourier_complex,48.7023,0.9955,0.00392,0.00224,48.0980,0.9948,0.00421,0.00227,31.3
sigma25_k3_actleakyrelu_bs16_image,25,3,leakyrelu,16,image,29.1329,0.8272,0.03769,0.02575,30.2349,0.8563,0.03123,0.02172,29.0
sigma25_k3_actleakyrelu_bs16_fourier_complex,25,3,leakyrelu,16,fourier_complex,48.5036,0.9946,0.00399,0.00232,48.0448,0.9940,0.00422,0.00232,29.7
sigma25_k3_actleakyrelu_bs32_image,25,3,leakyrelu,32,image,29.0375,0.8263,0.03804,0.02611,30.0875,0.8522,0.03174,0.02217,28.2
sigma25_k3_actleakyrelu_bs32_fourier_complex,25,3,leakyrelu,32,fourier_complex,48.4607,0.9945,0.00400,0.00232,48.0906,0.9939,0.00419,0.00232,28.8
sigma25_k3_actleakyrelu_bs64_image,25,3,leakyrelu,64,image,28.8171,0.8134,0.03882,0.02684,29.7594,0.8394,0.03293,0.02320,28.5
sigma25_k3_actleakyrelu_bs64_fourier_complex,25,3,leakyrelu,64,fourier_complex,46.2993,0.9878,0.00509,0.00331,46.2815,0.9887,0.00505,0.00317,29.4
sigma25_k5_actrelu_bs8_image,25,5,relu,8,image,26.6750,0.7772,0.05849,0.03232,27.0297,0.8007,0.06129,0.02969,53.8
sigma25_k5_actrelu_bs8_fourier_complex,25,5,relu,8,fourier_complex,50.3010,0.9981,0.00339,0.00172,49.9158,0.9978,0.00354,0.00171,56.9
sigma25_k5_actrelu_bs16_image,25,5,relu,16,image,28.6232,0.8068,0.03951,0.02770,29.4776,0.8268,0.03398,0.02433,52.7
sigma25_k5_actrelu_bs16_fourier_complex,25,5,relu,16,fourier_complex,48.5267,0.9966,0.00399,0.00222,48.1329,0.9960,0.00419,0.00224,53.8
sigma25_k5_actrelu_bs32_image,25,5,relu,32,image,28.3788,0.8016,0.04083,0.02847,29.2332,0.8268,0.03507,0.02483,52.7
sigma25_k5_actrelu_bs32_fourier_complex,25,5,relu,32,fourier_complex,41.1319,0.9603,0.00946,0.00590,41.5874,0.9654,0.00846,0.00529,53.7
sigma25_k5_actrelu_bs64_image,25,5,relu,64,image,28.6905,0.8114,0.03948,0.02715,29.7050,0.8382,0.03315,0.02336,51.0
sigma25_k5_actrelu_bs64_fourier_complex,25,5,relu,64,fourier_complex,40.3843,0.9470,0.01028,0.00645,40.5889,0.9553,0.00946,0.00609,51.7
sigma25_k5_actleakyrelu_bs8_image,25,5,leakyrelu,8,image,28.4492,0.7971,0.04012,0.02825,29.3122,0.8186,0.03461,0.02482,56.1
sigma25_k5_actleakyrelu_bs8_fourier_complex,25,5,leakyrelu,8,fourier_complex,47.1390,0.9952,0.01843,0.00287,49.3720,0.9972,0.00368,0.00197,57.5
sigma25_k5_actleakyrelu_bs16_image,25,5,leakyrelu,16,image,28.9801,0.8261,0.03887,0.02609,30.1365,0.8540,0.03159,0.02189,53.6
sigma25_k5_actleakyrelu_bs16_fourier_complex,25,5,leakyrelu,16,fourier_complex,48.6627,0.9970,0.00394,0.00201,48.2965,0.9963,0.00417,0.00207,54.3
sigma25_k5_actleakyrelu_bs32_image,25,5,leakyrelu,32,image,29.0739,0.8289,0.03787,0.02591,30.1630,0.8542,0.03149,0.02205,52.6
sigma25_k5_actleakyrelu_bs32_fourier_complex,25,5,leakyrelu,32,fourier_complex,44.4617,0.9818,0.00607,0.00400,44.1878,0.9813,0.00635,0.00407,54.1
sigma25_k5_actleakyrelu_bs64_image,25,5,leakyrelu,64,image,28.8125,0.8158,0.03882,0.02701,29.7349,0.8385,0.03303,0.02341,51.5
sigma25_k5_actleakyrelu_bs64_fourier_complex,25,5,leakyrelu,64,fourier_complex,47.6834,0.9951,0.00438,0.00224,47.1545,0.9943,0.00478,0.00233,52.2
sigma50_k3_actrelu_bs8_image,50,3,relu,8,image,26.0361,0.7036,0.05405,0.03660,26.8761,0.7648,0.04613,0.03155,30.0
sigma50_k3_actrelu_bs8_fourier_complex,50,3,relu,8,fourier_complex,44.4071,0.9864,0.00614,0.00369,44.6082,0.9863,0.00610,0.00366,31.3
sigma50_k3_actrelu_bs16_image,50,3,relu,16,image,26.1525,0.7148,0.05355,0.03607,26.9987,0.7730,0.04548,0.03095,28.9
sigma50_k3_actrelu_bs16_fourier_complex,50,3,relu,16,fourier_complex,44.0064,0.9864,0.00640,0.00431,44.0675,0.9852,0.00644,0.00439,29.7
sigma50_k3_actrelu_bs32_image,50,3,relu,32,image,26.0861,0.7104,0.05390,0.03634,26.8773,0.7663,0.04613,0.03154,28.2
sigma50_k3_actrelu_bs32_fourier_complex,50,3,relu,32,fourier_complex,43.6064,0.9817,0.00669,0.00432,43.4377,0.9806,0.00694,0.00433,29.1
sigma50_k3_actrelu_bs64_image,50,3,relu,64,image,25.9459,0.6949,0.05471,0.03708,26.6309,0.7509,0.04747,0.03252,28.9
sigma50_k3_actrelu_bs64_fourier_complex,50,3,relu,64,fourier_complex,43.5281,0.9820,0.00676,0.00449,43.3236,0.9810,0.00704,0.00446,29.4
sigma50_k3_actleakyrelu_bs8_image,50,3,leakyrelu,8,image,26.1692,0.7151,0.05347,0.03599,26.9729,0.7714,0.04560,0.03107,30.0
sigma50_k3_actleakyrelu_bs8_fourier_complex,50,3,leakyrelu,8,fourier_complex,44.5235,0.9857,0.00609,0.00364,44.8168,0.9868,0.00596,0.00356,31.0
sigma50_k3_actleakyrelu_bs16_image,50,3,leakyrelu,16,image,26.1688,0.7174,0.05346,0.03600,26.9968,0.7726,0.04548,0.03103,28.7
sigma50_k3_actleakyrelu_bs16_fourier_complex,50,3,leakyrelu,16,fourier_complex,44.1294,0.9850,0.00632,0.00390,44.1541,0.9838,0.00641,0.00393,29.5
sigma50_k3_actleakyrelu_bs32_image,50,3,leakyrelu,32,image,26.1309,0.7127,0.05369,0.03609,26.9263,0.7688,0.04588,0.03125,28.3
sigma50_k3_actleakyrelu_bs32_fourier_complex,50,3,leakyrelu,32,fourier_complex,43.7513,0.9829,0.00661,0.00419,43.3778,0.9825,0.00706,0.00421,29.1
sigma50_k3_actleakyrelu_bs64_image,50,3,leakyrelu,64,image,25.9837,0.6995,0.05446,0.03688,26.7078,0.7541,0.04705,0.03229,28.9
sigma50_k3_actleakyrelu_bs64_fourier_complex,50,3,leakyrelu,64,fourier_complex,43.2871,0.9776,0.00694,0.00447,42.9502,0.9763,0.00736,0.00449,29.7
sigma50_k5_actrelu_bs8_image,50,5,relu,8,image,25.9995,0.7143,0.05456,0.03640,26.8471,0.7713,0.04637,0.03134,55.7
sigma50_k5_actrelu_bs8_fourier_complex,50,5,relu,8,fourier_complex,43.3688,0.9886,0.01264,0.00411,44.8344,0.9898,0.00601,0.00365,57.2
sigma50_k5_actrelu_bs16_image,50,5,relu,16,image,26.0122,0.7058,0.05419,0.03680,26.7991,0.7595,0.04648,0.03197,53.4
sigma50_k5_actrelu_bs16_fourier_complex,50,5,relu,16,fourier_complex,42.2276,0.9847,0.01691,0.00533,43.1450,0.9843,0.00712,0.00507,54.1
sigma50_k5_actrelu_bs32_image,50,5,relu,32,image,25.8113,0.7038,0.05565,0.03690,26.8278,0.7607,0.04637,0.03178,53.0
sigma50_k5_actrelu_bs32_fourier_complex,50,5,relu,32,fourier_complex,44.5631,0.9881,0.00604,0.00371,43.9156,0.9868,0.00671,0.00391,54.0
sigma50_k5_actrelu_bs64_image,50,5,relu,64,image,25.9742,0.6989,0.05440,0.03710,26.6380,0.7469,0.04739,0.03278,51.3
sigma50_k5_actrelu_bs64_fourier_complex,50,5,relu,64,fourier_complex,42.5246,0.9680,0.01070,0.00510,42.6024,0.9690,0.00762,0.00498,52.0
sigma50_k5_actleakyrelu_bs8_image,50,5,leakyrelu,8,image,25.6031,0.7100,0.05769,0.03694,26.2727,0.7631,0.04966,0.03208,56.2
sigma50_k5_actleakyrelu_bs8_fourier_complex,50,5,leakyrelu,8,fourier_complex,44.6116,0.9858,0.00774,0.00351,45.1588,0.9875,0.00573,0.00349,57.6
sigma50_k5_actleakyrelu_bs16_image,50,5,leakyrelu,16,image,25.8202,0.7051,0.05507,0.03734,26.4089,0.7569,0.04886,0.03321,53.9
sigma50_k5_actleakyrelu_bs16_fourier_complex,50,5,leakyrelu,16,fourier_complex,43.9392,0.9736,0.02864,0.00533,44.6393,0.9844,0.00615,0.00356,54.5
sigma50_k5_actleakyrelu_bs32_image,50,5,leakyrelu,32,image,26.0453,0.7046,0.05415,0.03633,26.8813,0.7623,0.04612,0.03141,53.5
sigma50_k5_actleakyrelu_bs32_fourier_complex,50,5,leakyrelu,32,fourier_complex,41.8698,0.9736,0.01913,0.00598,42.4180,0.9806,0.00771,0.00531,54.2
sigma50_k5_actleakyrelu_bs64_image,50,5,leakyrelu,64,image,25.7117,0.6774,0.05583,0.03829,26.2423,0.7238,0.04962,0.03439,50.7
sigma50_k5_actleakyrelu_bs64_fourier_complex,50,5,leakyrelu,64,fourier_complex,42.1119,0.9655,0.00792,0.00550,41.8149,0.9651,0.00830,0.00554,51.8
sigma100_k3_actrelu_bs8_image,100,3,relu,8,image,23.6424,0.5884,0.07162,0.04826,23.8197,0.6597,0.06573,0.04453,30.1
sigma100_k3_actrelu_bs8_fourier_complex,100,3,relu,8,fourier_complex,39.7881,0.9549,0.01251,0.00770,40.4543,0.9614,0.00965,0.00641,31.4
sigma100_k3_actrelu_bs16_image,100,3,relu,16,image,23.6316,0.5887,0.07159,0.04835,23.7800,0.6575,0.06599,0.04478,28.6
sigma100_k3_actrelu_bs16_fourier_complex,100,3,relu,16,fourier_complex,40.7167,0.9624,0.00931,0.00600,40.6926,0.9613,0.00942,0.00583,29.3
sigma100_k3_actrelu_bs32_image,100,3,relu,32,image,23.5627,0.5797,0.07201,0.04876,23.6939,0.6451,0.06662,0.04542,27.8
sigma100_k3_actrelu_bs32_fourier_complex,100,3,relu,32,fourier_complex,39.9832,0.9526,0.01010,0.00668,39.9603,0.9505,0.01022,0.00646,28.7
sigma100_k3_actrelu_bs64_image,100,3,relu,64,image,23.4317,0.5718,0.07286,0.04987,23.5232,0.6344,0.06788,0.04652,28.5
sigma100_k3_actrelu_bs64_fourier_complex,100,3,relu,64,fourier_complex,39.3933,0.9335,0.01093,0.00764,39.8765,0.9379,0.01028,0.00699,29.3
sigma100_k3_actleakyrelu_bs8_image,100,3,leakyrelu,8,image,23.6031,0.5874,0.07179,0.04860,23.7547,0.6561,0.06618,0.04497,29.9
sigma100_k3_actleakyrelu_bs8_fourier_complex,100,3,leakyrelu,8,fourier_complex,40.3689,0.9603,0.00996,0.00660,40.6551,0.9624,0.00946,0.00599,31.0
sigma100_k3_actleakyrelu_bs16_image,100,3,leakyrelu,16,image,23.5851,0.5839,0.07189,0.04853,23.7339,0.6512,0.06632,0.04504,28.7
sigma100_k3_actleakyrelu_bs16_fourier_complex,100,3,leakyrelu,16,fourier_complex,40.5636,0.9608,0.00956,0.00634,41.1287,0.9650,0.00902,0.00569,29.4
sigma100_k3_actleakyrelu_bs32_image,100,3,leakyrelu,32,image,23.5709,0.5823,0.07205,0.04865,23.7175,0.6524,0.06649,0.04520,28.0
sigma100_k3_actleakyrelu_bs32_fourier_complex,100,3,leakyrelu,32,fourier_complex,40.2285,0.9536,0.00983,0.00660,40.2638,0.9538,0.00990,0.00636,28.9
sigma100_k3_actleakyrelu_bs64_image,100,3,leakyrelu,64,image,23.4189,0.5674,0.07306,0.04981,23.4755,0.6319,0.06828,0.04678,28.7
sigma100_k3_actleakyrelu_bs64_fourier_complex,100,3,leakyrelu,64,fourier_complex,39.5416,0.9488,0.01068,0.00772,39.9465,0.9522,0.01024,0.00716,29.5
sigma100_k5_actrelu_bs8_image,100,5,relu,8,image,23.4356,0.5657,0.07280,0.04963,23.6176,0.6367,0.06725,0.04578,55.2
sigma100_k5_actrelu_bs8_fourier_complex,100,5,relu,8,fourier_complex,41.4536,0.9727,0.00897,0.00590,42.0624,0.9704,0.00809,0.00509,56.5
sigma100_k5_actrelu_bs16_image,100,5,relu,16,image,23.7650,0.6010,0.07072,0.04726,23.8026,0.6666,0.06643,0.04399,52.9
sigma100_k5_actrelu_bs16_fourier_complex,100,5,relu,16,fourier_complex,39.5331,0.9590,0.01122,0.00788,40.3457,0.9591,0.00976,0.00666,54.0
sigma100_k5_actrelu_bs32_image,100,5,relu,32,image,23.5970,0.5781,0.07171,0.04862,23.7119,0.6413,0.06649,0.04538,52.8
sigma100_k5_actrelu_bs32_fourier_complex,100,5,relu,32,fourier_complex,40.0885,0.9443,0.01013,0.00696,40.1122,0.9393,0.01006,0.00665,53.8
sigma100_k5_actrelu_bs64_image,100,5,relu,64,image,23.2279,0.5431,0.07438,0.05092,23.2991,0.6144,0.06967,0.04791,51.1
sigma100_k5_actrelu_bs64_fourier_complex,100,5,relu,64,fourier_complex,39.9324,0.9397,0.01013,0.00711,39.6084,0.9341,0.01060,0.00725,51.9
sigma100_k5_actleakyrelu_bs8_image,100,5,leakyrelu,8,image,23.0580,0.5873,0.07704,0.04967,21.9076,0.6386,0.08858,0.05043,56.3
sigma100_k5_actleakyrelu_bs8_fourier_complex,100,5,leakyrelu,8,fourier_complex,39.6650,0.9634,0.01044,0.00803,39.3577,0.9611,0.01082,0.00796,57.6
sigma100_k5_actleakyrelu_bs16_image,100,5,leakyrelu,16,image,23.4409,0.5606,0.07259,0.04978,23.5494,0.6152,0.06760,0.04702,53.8
sigma100_k5_actleakyrelu_bs16_fourier_complex,100,5,leakyrelu,16,fourier_complex,42.0777,0.9800,0.00832,0.00543,42.5223,0.9774,0.00773,0.00476,54.4
sigma100_k5_actleakyrelu_bs32_image,100,5,leakyrelu,32,image,23.5925,0.5795,0.07188,0.04835,23.7382,0.6506,0.06636,0.04491,53.4
sigma100_k5_actleakyrelu_bs32_fourier_complex,100,5,leakyrelu,32,fourier_complex,40.8083,0.9521,0.00924,0.00644,40.5735,0.9468,0.00953,0.00635,54.4
sigma100_k5_actleakyrelu_bs64_image,100,5,leakyrelu,64,image,23.5409,0.5698,0.07208,0.04901,23.6804,0.6383,0.06676,0.04555,51.5
sigma100_k5_actleakyrelu_bs64_fourier_complex,100,5,leakyrelu,64,fourier_complex,39.6717,0.9155,0.01077,0.00768,39.8688,0.9243,0.01027,0.00719,51.5
